sequence_order,dataset,sequence_length
1,train,1476
2,train,811
3,train,6859
4,train,802
5,train,8891
6,train,7219
7,train,1005
8,train,1820
9,train,5800
10,train,847
11,train,837
12,train,885
13,train,12273
14,train,823
15,train,4644
16,train,7301
17,train,4675
18,train,853
19,train,9664
20,train,594
21,train,4727
22,train,895
23,train,717
24,train,13176
25,train,1024
26,train,943
27,train,8073
28,train,1640
29,train,801
30,train,4608
31,train,791
32,train,8508
33,train,8547
34,train,5893
35,train,8323
36,train,7242
37,train,5448
38,train,1095
39,train,1064
40,train,8323
41,train,4704
42,train,1148
43,train,656
44,train,8323
45,train,2938
46,train,11337
47,train,10697
48,train,6640
49,train,871
50,train,5462
51,train,8323
52,train,6888
53,train,5567
54,train,3654
55,train,919
56,train,15455
57,train,3804
58,train,885
59,train,974
60,train,6625
61,train,7208
62,train,3776
63,train,9745
64,train,587
65,train,8508
66,train,8323
67,train,3803
68,train,8512
69,train,737
70,train,5708
71,train,1196
72,train,6087
73,train,2665
74,train,11514
75,train,15780
76,train,7356
77,train,3616
78,train,5226
79,train,666
80,train,962
81,train,6027
82,train,3144
83,train,5658
84,train,5901
85,train,9553
86,train,6557
87,train,802
88,train,910
89,train,9260
90,train,3175
91,train,7031
92,train,867
93,train,5831
94,train,1612
95,train,7117
96,train,3629
97,train,2406
98,train,6505
99,train,894
100,train,4850
101,train,6367
102,train,5466
103,train,771
104,train,906
105,train,2288
106,train,8250
107,train,9270
108,train,3020
109,train,823
110,train,8350
111,train,871
112,train,871
113,train,9293
114,train,7984
115,train,7080
116,train,6325
117,train,8508
118,train,906
119,train,5983
120,train,11319
121,train,10365
122,train,776
123,train,1078
124,train,923
125,train,769
126,train,910
127,train,2906
128,train,13395
129,train,945
130,train,829
131,train,7302
132,train,8798
133,train,7474
134,train,829
135,train,4061
136,train,899
137,train,1029
138,train,12852
139,train,964
140,train,770
141,train,882
142,train,7161
143,train,1450
144,train,8176
145,train,8694
146,train,6599
147,train,7359
148,train,7121
149,train,727
150,train,4371
151,train,12668
152,train,4697
153,train,866
154,train,11266
155,train,8238
156,train,7785
157,train,6673
158,train,2827
159,train,714
160,train,3266
161,train,2382
162,train,7848
163,train,5479
164,train,9782
165,train,8323
166,train,805
167,train,7846
168,train,7302
169,train,9458
170,train,2827
171,train,617
172,train,7090
173,train,6094
174,train,8323
175,train,655
176,train,854
177,train,3211
178,train,3647
179,train,5663
180,train,1545
181,train,837
182,train,8323
183,train,8142
184,train,831
185,train,4985
186,train,888
187,train,976
188,train,891
189,train,677
190,train,6568
191,train,838
192,train,1095
193,train,7018
194,train,5977
195,train,1084
196,train,6134
197,train,2511
198,train,802
199,train,7157
200,train,9795
201,train,4530
202,train,793
203,train,3911
204,train,885
205,train,577
206,train,1241
207,train,969
208,train,12872
209,train,863
210,train,4674
211,train,944
212,train,7864
213,train,858
214,train,6036
215,train,8710
216,train,537
217,train,8323
218,train,3387
219,train,883
220,train,11039
221,train,9203
222,train,6976
223,train,832
224,train,11039
225,train,1045
226,train,7302
227,train,8961
228,train,557
229,train,982
230,train,3237
231,train,6452
232,train,5665
233,train,835
234,train,6685
235,train,864
236,train,7539
237,train,8345
238,train,3863
239,train,10816
240,train,10210
241,train,781
242,train,890
243,train,6329
244,train,14269
245,train,795
246,train,5273
247,train,6395
248,train,5437
249,train,958
250,train,10223
251,train,5136
252,train,6079
253,train,3891
254,train,4311
255,train,743
256,train,5998
257,train,14644
258,train,9622
259,train,8088
260,train,3253
261,train,1437
262,train,8450
263,train,4981
264,train,887
265,train,5497
266,train,8323
267,train,796
268,train,3044
269,train,926
270,train,796
271,train,1004
272,train,772
273,train,7469
274,train,7256
275,train,7308
276,train,2824
277,train,5119
278,train,1089
279,train,6945
280,train,7081
281,train,7359
282,train,3260
283,train,11043
284,train,9477
285,train,5234
286,train,2880
287,train,12735
288,train,821
289,train,8374
290,train,9338
291,train,4729
292,train,944
293,train,6598
294,train,7912
295,train,9265
296,train,7344
297,train,5289
298,train,826
299,train,3340
300,train,4416
301,train,8478
302,train,6216
303,train,3388
304,train,8992
305,train,4297
306,train,883
307,train,916
308,train,5247
309,train,11051
310,train,5266
311,train,827
312,train,10215
313,train,828
314,train,825
315,train,4023
316,train,11881
317,train,8837
318,train,650
319,train,7006
320,train,8323
321,train,3291
322,train,7467
323,train,7133
324,train,5739
325,train,13999
326,train,860
327,train,6912
328,train,649
329,train,868
330,train,7962
331,train,1099
332,train,2932
333,train,867
334,train,614
335,train,5086
336,train,669
337,train,6499
338,train,6206
339,train,2266
340,train,853
341,train,830
342,train,3359
343,train,5586
344,train,3634
345,train,10327
346,train,789
347,train,7875
348,train,801
349,train,965
350,train,660
351,train,513
352,train,813
353,train,10270
354,train,6765
355,train,893
356,train,4011
357,train,882
358,train,6785
359,train,5574
360,train,7066
361,train,8323
362,train,6353
363,train,7018
364,train,983
365,train,1147
366,train,15653
367,train,3630
368,train,8323
369,train,876
370,train,7604
371,train,7361
372,train,858
373,train,5387
374,train,946
375,train,762
376,train,6795
377,train,6692
378,train,5893
379,train,1121
380,train,682
381,train,946
382,train,7642
383,train,8804
384,train,857
385,train,833
386,leaderboard,11418
387,leaderboard,979
388,leaderboard,4257
389,leaderboard,7041
390,leaderboard,3023
391,leaderboard,884
392,leaderboard,5190
393,leaderboard,2215
394,leaderboard,9941
395,leaderboard,6468
396,leaderboard,3300
397,leaderboard,870
398,leaderboard,4692
399,leaderboard,843
400,leaderboard,10983
401,leaderboard,796
402,leaderboard,1751
403,leaderboard,8854
404,leaderboard,648
405,leaderboard,4545
406,leaderboard,793
407,leaderboard,781
408,leaderboard,8127
409,leaderboard,682
410,leaderboard,809
411,leaderboard,826
412,leaderboard,7404
413,leaderboard,6035
414,leaderboard,944
415,leaderboard,6655
416,leaderboard,2266
417,leaderboard,2436
418,leaderboard,868
419,leaderboard,8636
420,leaderboard,872
421,leaderboard,765
422,leaderboard,593
423,leaderboard,4584
424,leaderboard,3963
425,leaderboard,796
426,leaderboard,8492
427,leaderboard,794
428,leaderboard,823
429,leaderboard,853
430,leaderboard,882
431,leaderboard,941
432,test,846
433,test,7242
434,test,5319
435,test,2989
436,test,1015
437,test,999
438,test,6875
439,test,852
440,test,5686
441,test,8956
442,test,11600
443,test,8482
444,test,11473
445,test,791
446,test,8151
447,test,778
448,test,900
449,test,5882
450,test,1942
451,test,827
452,test,887
453,test,4769
454,test,873
455,test,12266
456,test,3716
457,test,4854
458,test,918
459,test,6202
460,test,4348
461,test,3704
462,test,892
463,test,760
464,test,6335
465,test,764
466,test,8113
467,test,846
468,test,8931
469,test,7183
470,test,5541
471,test,6228
472,test,7949
473,test,774
474,test,14970
475,test,4455
476,test,6021
477,test,4117
478,test,7084
479,test,12854
480,test,8247
481,test,8082
482,test,4237
483,test,5729
484,test,3425
485,test,8344
486,test,3702
487,test,5782
488,test,4716
489,test,644
490,test,5472
491,test,6888
492,test,7256
493,test,1010
494,test,5094
495,test,5331
496,test,880
497,test,6949
498,test,4395
499,test,6201
500,test,924
